longitude,latitude,stratum,bathrooms,constructed_area,house_age,bedrooms,parking,administration,floor,rent_price,facilities
-74.0536599,4.660556,6,4,237.0,23,3,3,2600000.0,7,14000000,"['Acceso Pavimentado', 'Alarma', 'Amoblado', 'Ascensor', 'Balcón', 'Baño Auxiliar', 'Baño Independiente', 'Cerca de Zona Urbana', 'Chimenea', 'Circuito cerrado de TV', 'Citófono', 'Closet', 'Cochera', 'Cocina Integral', 'Colegios / Universidades', 'Cuarto de servicio', 'Depósito / Bodega', 'En conjunto cerrado', 'Estudio', 'Garaje(s)', 'Gimnasio', 'Hall de Alcobas', 'Instalación de gas', 'Jardín', 'Parqueadero Visitantes', 'Parques cercanos', 'Piso en Baldosa /  Mármol', 'Portería / Recepción', 'Salón Comunal', 'Sobre vía principal', 'Supermercados / C.Comerciales', 'Trans. Público cercano', 'Vigilancia', 'Vista panorámica', 'Zona de lavandería', 'Zona Infantil', 'Zona Residencial', 'Zonas Verdes']"
-74.0483977,4.700991,5,2,97.0,12,2,2,0.0,0,4500000,[]
-74.0457215,4.6715543,6,4,167.0,23,3,2,0.0,3,11900000,"['Ascensor', 'Barra estilo americano', 'Baño Auxiliar', 'Caldera', 'Calentador', 'Cancha de Squash', 'Chimenea', 'Circuito cerrado de TV', 'Citófono', 'Cocina Integral', 'Colegios / Universidades', 'Cuarto de servicio', 'Depósito / Bodega', 'Estudio', 'Gimnasio', 'Instalación de gas', 'Parques cercanos', 'Planta Eléctrica', 'Portería / Recepción', 'Supermercados / C.Comerciales', 'Trans. Público cercano', 'Zona de lavandería', 'Zona Residencial']"
-74.050726890564,4.7004290297587,5,2,78.0,23,3,1,0.0,3,4000000,"['Acceso Pavimentado', 'Ascensor', 'Baño Independiente', 'Calentador', 'Closet', 'Cocina Integral', 'Depósito / Bodega', 'En conjunto cerrado', 'Instalación de gas', 'Parques cercanos', 'Portería / Recepción', 'Salón Comunal', 'Supermercados / C.Comerciales', 'Trans. Público cercano', 'Vigilancia', 'Zona de lavandería']"
-74.0458014,4.7175848,5,2,74.0,12,2,1,530000.0,2,3500000,[]
-74.054095444295,4.661083987291,6,2,138.0,31,2,1,1100000.0,0,4600000,"['Ascensor', 'Cerca centro comercial', 'Closet', 'Cocina Integral', 'Instalación de gas', 'Piso en Madera', 'Salón Comunal', 'Shut de basura', 'Trans. Público cercano', 'Zona Residencial']"
-74.0492104,4.6728605,5,3,138.0,23,3,2,0.0,4,8000000,"['Acceso Pavimentado', 'Amoblado', 'Ascensor', 'Baño Independiente', 'Calentador', 'Citófono', 'Closet', 'Cocina Integral', 'En conjunto cerrado', 'Estudio', 'Hall de Alcobas', 'Instalación de gas', 'Parqueadero Visitantes', 'Parques cercanos', 'Portería / Recepción', 'Salón Comunal', 'Supermercados / C.Comerciales', 'Trans. Público cercano', 'Vigilancia', 'Zona de lavandería', 'Zona Residencial']"
-74.0541928,4.6579608,5,1,37.0,23,1,1,0.0,1,3500000,"['Amoblado', 'Ascensor', 'Calentador', 'Citófono', 'Cocina Integral', 'Colegios / Universidades', 'Estudio', 'Garaje(s)', 'Parques cercanos', 'Portería / Recepción', 'Salón Comunal', 'Supermercados / C.Comerciales', 'Trans. Público cercano', 'Vigilancia', 'Zona de lavandería', 'Zona Residencial']"
-74.04572725296,4.6714724554658,6,3,167.0,23,3,3,3300000.0,3,8600000,"['Ascensor', 'Baño Auxiliar', 'Baño Independiente', 'Chimenea', 'Cocina Integral', 'Colegios / Universidades', 'Cuarto de servicio', 'Depósito / Bodega', 'Estudio', 'Gimnasio', 'Parqueadero Visitantes', 'Parques cercanos', 'Planta Eléctrica', 'Portería / Recepción', 'Supermercados / C.Comerciales', 'Trans. Público cercano', 'Zona de lavandería']"
-74.1078682622375,4.60941683757256,3,1,37.5,4,2,0,150000.0,18,1350000,"['Ascensor', 'Balcón', 'Calentador', 'Circuito cerrado de TV', 'Cocina Integral', 'Colegios / Universidades', 'En conjunto cerrado', 'Gimnasio', 'Hall de Alcobas', 'Instalación de gas', 'Parques cercanos', 'Piscina', 'Piso en Baldosa /  Mármol', 'Portería / Recepción', 'Salón Comunal', 'Supermercados / C.Comerciales', 'Trans. Público cercano', 'Vigilancia', 'Vista panorámica', 'Zona de lavandería', 'Zona Infantil', 'Zona Residencial', 'Zonas Verdes']"
-74.0496226,4.6525508,6,3,99.0,31,2,2,1065000.0,0,3000000,"['Ascensor', 'Baño Auxiliar', 'Baño compartido', 'Calentador', 'Cerca a sector comercial', 'Chimenea', 'Citófono', 'Closet', 'Cocina Equipada', 'Cocina Integral', 'Comedor', 'Cuarto de servicio', 'Cómodas vias de acceso', 'En conjunto cerrado', 'En zona residencial', 'Estudio', 'Garaje / Parqueadero(s)', 'Garaje Cubierto', 'Hall de Alcobas', 'Parques cercanos', 'Piso en Madera', 'Portería / Vigilancia', 'Rio / Quebrada cercano(a)', 'Servicios independientes', 'Servicios Públicos', 'Sobre vía secundaria', 'Supermercados / C.Comerciales', 'Terraza', 'Trans. Público cercano', 'Ventilación Natural', 'Vigilancia 24x7', 'Vigilancia privada 24*7', 'Zona de lavandería', 'Zona Residencial']"
-74.046217962891,4.662271309131,6,5,462.0,4,3,5,4700000.0,0,25000000,"['Acceso Pavimentado', 'Ascensor', 'Barra estilo americano', 'Baño Independiente', 'Calentador', 'Circuito cerrado de TV', 'Citófono', 'Closet', 'Cocina Equipada', 'Cocina Integral', 'Cocina tipo Americano', 'Cuarto de servicio', 'Depósito / Bodega', 'Despensa', 'En conjunto cerrado', 'Estudio', 'Gimnasio', 'Hall de Alcobas', 'Instalación de gas', 'Parqueadero Visitantes', 'Parques cercanos', 'Portería / Recepción', 'Salón Comunal', 'Supermercados / C.Comerciales', 'Terraza', 'Trans. Público cercano', 'Vigilancia', 'Vista panorámica', 'Zona de lavandería', 'Zona Residencial']"
-74.0447284,4.6675608,6,2,71.0,4,1,2,0.0,7,7107000,"['Ascensor', 'Baño Auxiliar', 'Calentador', 'Circuito cerrado de TV', 'Citófono', 'Cocina Integral', 'Cocina tipo Americano', 'Colegios / Universidades', 'Depósito / Bodega', 'Duplex', 'Estudio', 'Garaje(s)', 'Instalación de gas', 'Oficina de negocios', 'Parqueadero Visitantes', 'Parques cercanos', 'Portería / Recepción', 'Sala de internet', 'Supermercados / C.Comerciales', 'Terraza', 'Trans. Público cercano', 'Vigilancia', 'Vista panorámica', 'Zona de lavandería', 'Zona Residencial']"
-74.0747102,4.5921609,2,1,31.0,4,1,0,0.0,0,2100000,"['Acceso Pavimentado', 'Alcantarillado', 'Amoblado', 'Ascensor', 'Cocina Integral', 'Colegios / Universidades', 'Depósito / Bodega', 'Gimnasio', 'Parques cercanos', 'Sensor de movimiento', 'Servicios Públicos', 'Supermercados / C.Comerciales', 'Trans. Público cercano', 'Zona de BBQ', 'Zonas Verdes']"
-74.1011947,4.6926316,3,1,40.0,23,2,0,0.0,3,1200000,"['Parques cercanos', 'Supermercados / C.Comerciales', 'Trans. Público cercano']"
-74.0466405,4.7025804,5,3,138.0,12,3,2,0.0,0,7500000,"['Ascensor', 'Balcón', 'Barra estilo americano', 'Baño Auxiliar', 'Circuito cerrado de TV', 'Cocina Integral', 'Cocina tipo Americano', 'Colegios / Universidades', 'Cuarto de servicio', 'Depósito / Bodega', 'En conjunto cerrado', 'Estudio', 'Garaje(s)', 'Gimnasio', 'Hall de Alcobas', 'Instalación de gas', 'Parqueadero Visitantes', 'Parques cercanos', 'Planta Eléctrica', 'Portería / Recepción', 'Salón Comunal', 'Supermercados / C.Comerciales', 'Terraza', 'Trans. Público cercano', 'Vigilancia', 'Vista panorámica', 'Zona de lavandería', 'Zona Infantil', 'Zona Residencial', 'Zonas Verdes']"
-74.071068,4.616395,4,1,49.0,12,1,1,0.0,0,2460420,"['Ascensor', 'Calentador', 'Cancha de Squash', 'Chimenea', 'Citófono', 'Closet', 'Cocina Equipada', 'Cocina Integral', 'Comedor', 'Cómodas vias de acceso', 'Depósito / Bodega', 'En zona residencial', 'Garaje / Parqueadero(s)', 'Garaje Cubierto', 'Gimnasio', 'Parqueadero Visitantes', 'Parques cercanos', 'Piscina', 'Planta Eléctrica', 'Portería / Recepción', 'Portería / Vigilancia', 'Salón Comunal', 'Sauna / Turco / Jacuzzi', 'Servicios independientes', 'Servicios Públicos', 'Sobre vía secundaria', 'Trans. Público cercano', 'Ubicada en edificio', 'Ventilación Natural', 'Vigilancia 24x7', 'Vigilancia privada 24*7', 'Zona Residencial']"
-74.0356841,4.7013767,6,1,56.0,23,1,2,523000.0,7,2950000,"['Acceso Pavimentado', 'Alcantarillado', 'Ascensor', 'Cochera', 'Cocina Integral', 'Colegios / Universidades', 'Depósito / Bodega', 'En condominio', 'Parques cercanos', 'Salón de Juegos', 'Sensor de movimiento', 'Servicios Públicos', 'Supermercados / C.Comerciales', 'Trans. Público cercano', 'Zonas Verdes']"
-74.049791923747,4.711140000593,6,2,104.0,31,3,2,0.0,3,4500000,"['Closet', 'Gimnasio', 'Salón Comunal', 'Trans. Público cercano', 'Zona Residencial']"
-74.045426436371,4.6687347214805,6,3,275.0,31,3,3,2332000.0,5,7168000,"['Alarma', 'Ascensor', 'Baño Auxiliar', 'Calentador', 'Chimenea', 'Circuito cerrado de TV', 'Citófono', 'Cocina Integral', 'Colegios / Universidades', 'Comedor auxiliar', 'Cuarto de Escoltas', 'Depósito / Bodega', 'Estudio', 'Garaje(s)', 'Hall de Alcobas', 'Instalación de gas', 'Parqueadero Visitantes', 'Parques cercanos', 'Planta Eléctrica', 'Portería / Recepción', 'Salón Comunal', 'Trans. Público cercano', 'Vigilancia', 'Zona de lavandería', 'Zona Residencial', 'Zonas Verdes']"
-74.046267706765,4.6636425716505,6,3,190.0,23,3,2,0.0,1,15000000,"['Balcón', 'Chimenea', 'Closet', 'Cocina Integral', 'Duplex', 'Instalación de gas', 'Piso en Madera', 'Shut de basura', 'Zona Residencial', 'Área Urbana']"
-74.0385847,4.7261802,4,2,72.0,12,3,1,0.0,2,2600000,"['Alarma', 'Ascensor', 'Calentador', 'Chimenea', 'Citófono', 'Cocina Integral', 'Colegios / Universidades', 'En conjunto cerrado', 'Garaje(s)', 'Hall de Alcobas', 'Instalación de gas', 'Parques cercanos', 'Portería / Recepción', 'Salón Comunal', 'Supermercados / C.Comerciales', 'Trans. Público cercano', 'Zona Comercial', 'Zona de lavandería', 'Zona Residencial']"
-74.1199367,4.6617925,4,3,100.0,4,3,1,0.0,4,4200000,"['Acceso Pavimentado', 'Ascensor', 'Balcón', 'Barra estilo americano', 'Baño Auxiliar', 'Baño Independiente', 'Calentador', 'Cerca de Zona Urbana', 'Chimenea', 'Citófono', 'Closet', 'Cocina Equipada', 'Cocina Integral', 'Colegios / Universidades', 'Depósito / Bodega', 'Estudio', 'Garaje(s)', 'Gimnasio', 'Hall de Alcobas', 'Instalación de gas', 'Portería / Recepción', 'Salón Comunal', 'Supermercados / C.Comerciales', 'Trans. Público cercano', 'Vigilancia', 'Zona de lavandería']"
-74.027964861145,4.688829008811,5,4,276.0,23,3,3,2564000.0,0,14000000,"['Balcón', 'Closet', 'Cocina Integral', 'Piso en Alfombra', 'Piso en Madera', 'Sobre vía principal', 'Zona Residencial']"
-74.1608737,4.6128447,3,2,58.0,31,3,0,0.0,0,1050000,"['Baño Auxiliar', 'Instalación de gas', 'Sobre vía principal', 'Zona de lavandería']"
-74.0500746,4.7329153,4,2,72.0,31,3,1,462000.0,0,2338000,"['Ascensor', 'Calentador', 'Cerca a sector comercial', 'Cerca centro comercial', 'Citófono', 'Closet', 'Cocina Integral', 'Colegios / Universidades', 'Comedor', 'Cómodas vias de acceso', 'En conjunto cerrado', 'En Edificio', 'En zona Comercial', 'En zona residencial', 'Escalera de Emergencia', 'Garaje(s)', 'Parqueadero interno', 'Parques cercanos', 'Piso en Baldosa /  Mármol', 'Piso en Madera', 'Portería / Recepción', 'Salón Comunal', 'Shut de basura', 'Sobre vía principal', 'Sobre vía secundaria', 'Trans. Público cercano', 'Vigilancia 24x7', 'Vigilancia privada 24*7', 'Vista panorámica', 'Zona de lavandería', 'Zona Residencial']"
-74.1691584,4.6514129,2,1,47.0,12,3,0,92300.0,0,892700,"['Acceso Pavimentado', 'Alcantarillado', 'Ascensor', 'Cocina Integral', 'Colegios / Universidades', 'Parques cercanos', 'Sensor de movimiento', 'Servicios Públicos', 'Supermercados / C.Comerciales', 'Trans. Público cercano', 'Zona de BBQ', 'Zonas Verdes']"
-74.1151453,4.5821387,3,1,65.0,23,2,0,0.0,3,980000,"['Barra estilo americano', 'Cocina Integral', 'Estudio', 'Hall de Alcobas', 'Instalación de gas', 'Piso en Baldosa /  Mármol', 'Zona de lavandería']"
-74.0427671,4.6723938,6,3,120.0,4,2,2,0.0,3,16500000,"['Ascensor', 'Balcón', 'Barra estilo americano', 'Baño Auxiliar', 'Caldera', 'Canchas Deportivas', 'Chimenea', 'Circuito cerrado de TV', 'Citófono', 'Cocina tipo Americano', 'Colegios / Universidades', 'Cuarto de Escoltas', 'Depósito / Bodega', 'Garaje(s)', 'Gimnasio', 'Hall de Alcobas', 'Instalación de gas', 'Jardín', 'Oficina de negocios', 'Parqueadero Visitantes', 'Parques cercanos', 'Piscina', 'Piso en Baldosa /  Mármol', 'Planta Eléctrica', 'Portería / Recepción', 'Sala de internet', 'Salón Comunal', 'Salón de Juegos', 'Sauna / Turco / Jacuzzi', 'Sauna / Turco / Jacuzzi', 'Sobre vía principal', 'Supermercados / C.Comerciales', 'Terraza', 'Trans. Público cercano', 'Vigilancia', 'Vista panorámica', 'Zona Comercial', 'Zona de lavandería', 'Zona Infantil', 'Zona Residencial', 'Zonas Verdes']"
-74.059987,4.641087,4,1,45.0,23,1,1,0.0,1,2397000,"['Amoblado', 'Chimenea', 'Citófono', 'Cocina Integral', 'Colegios / Universidades', 'En conjunto cerrado', 'Garaje(s)', 'Parqueadero Visitantes', 'Parques cercanos', 'Planta Eléctrica', 'Portería / Recepción', 'Supermercados / C.Comerciales', 'Trans. Público cercano', 'Vigilancia', 'Vivienda Multifamiliar', 'Zona Residencial']"
-74.0694272,4.6195498,4,2,38.0,0,1,1,0.0,16,2350000,"['Ascensor', 'Caldera', 'Citófono', 'Cocina Integral', 'Cocina tipo Americano', 'Colegios / Universidades', 'En conjunto cerrado', 'Parqueadero Visitantes', 'Parques cercanos', 'Planta Eléctrica', 'Portería / Recepción', 'Sala de internet', 'Salón Comunal', 'Sobre vía principal', 'Supermercados / C.Comerciales', 'Terraza', 'Trans. Público cercano', 'Vigilancia', 'Vista panorámica', 'Vivienda Multifamiliar', 'Zona Comercial', 'Zona de lavandería', 'Zona Infantil', 'Zona Residencial']"
-74.046927,4.663039,6,4,173.0,12,3,3,0.0,0,12000000,"['Amoblado', 'Ascensor', 'Balcón', 'Baño Auxiliar', 'Calentador', 'Cancha de Squash', 'Chimenea', 'Circuito cerrado de TV', 'Cocina Integral', 'Colegios / Universidades', 'Cuarto de servicio', 'Depósito / Bodega', 'En conjunto cerrado', 'Garaje(s)', 'Gimnasio', 'Hall de Alcobas', 'Instalación de gas', 'Oficina de negocios', 'Parqueadero Visitantes', 'Parques cercanos', 'Piscina', 'Planta Eléctrica', 'Portería / Recepción', 'Salón Comunal', 'Salón de Juegos', 'Trans. Público cercano', 'Vista panorámica', 'Zona Campestre', 'Zona de lavandería', 'Zona Infantil', 'Zona Residencial', 'Zonas Verdes']"
-74.043204657578,4.6714912905325,6,3,120.0,4,2,2,1471500.0,3,15528500,"['Acceso Pavimentado', 'Ascensor', 'Balcón', 'Barra estilo americano', 'Baño Auxiliar', 'Baño Independiente', 'Calentador', 'Cancha de Squash', 'Canchas Deportivas', 'Cerca de Zona Urbana', 'Chimenea', 'Circuito cerrado de TV', 'Citófono', 'Closet', 'Colegios / Universidades', 'Depósito / Bodega', 'Despensa', 'En conjunto cerrado', 'Garaje(s)', 'Gimnasio', 'Instalación de gas', 'Parqueadero Visitantes', 'Parques cercanos', 'Piscina', 'Portería / Recepción', 'Salón Comunal', 'Sauna / Turco / Jacuzzi', 'Sobre vía principal', 'Supermercados / C.Comerciales', 'Terraza', 'Trans. Público cercano', 'Vigilancia', 'Vista panorámica', 'Zona de lavandería', 'Zona Infantil', 'Zona Residencial', 'Zonas Verdes', 'Árboles frutales']"
-74.0271706740662,4.69091101173575,6,3,420.0,23,3,4,4533000.0,5,17000000,"['Parques cercanos', 'Supermercados / C.Comerciales', 'Zona Residencial']"
-74.049510040344,4.7226900117112,5,2,87.0,31,2,1,100000.0,0,2600000,"['Calentador', 'Cerca centro comercial', 'Chimenea', 'Closet', 'Cocina Integral', 'Instalación de gas', 'Terraza', 'Trans. Público cercano', 'Zona Residencial', 'Área Urbana']"
-74.056102,4.6828265,6,2,59.2,4,1,1,0.0,3,3800000,"['Ascensor', 'Balcón', 'Barra estilo americano', 'Baño Auxiliar', 'Calentador', 'Circuito cerrado de TV', 'Citófono', 'Cocina Integral', 'Cocina tipo Americano', 'Colegios / Universidades', 'Depósito / Bodega', 'Gimnasio', 'Instalación de gas', 'Jardín', 'Loft', 'Parqueadero Visitantes', 'Parques cercanos', 'Planta Eléctrica', 'Salón Comunal', 'Sauna / Turco / Jacuzzi', 'Sauna / Turco / Jacuzzi', 'Terraza', 'Trans. Público cercano', 'Zona de lavandería', 'Zona Residencial']"
-74.0525124,4.6759273,6,4,116.0,23,4,2,0.0,7,5500000,"['Baño Auxiliar', 'Calentador', 'Chimenea', 'Citófono', 'Cocina Integral', 'Cuarto de servicio', 'Depósito / Bodega', 'Hall de Alcobas', 'Instalación de gas', 'Patio', 'Zona de lavandería']"
-74.038925170898,4.6937567202381,5,3,135.0,23,3,4,1000000.0,4,4600000,"['Ascensor', 'Canchas Deportivas', 'Citófono', 'Cocina Integral', 'Gimnasio', 'Instalación de gas', 'Trans. Público cercano', 'Vista panorámica']"
-74.0406767,4.729514,4,2,100.0,12,4,1,0.0,2,3000000,"['Ascensor', 'Calentador', 'Citófono', 'Cocina Integral', 'Colegios / Universidades', 'Depósito / Bodega', 'Estudio', 'Hall de Alcobas', 'Instalación de gas', 'Parques cercanos', 'Piso en Baldosa /  Mármol', 'Salón Comunal', 'Trans. Público cercano', 'Vigilancia', 'Zona de lavandería', 'Zona Residencial']"
-74.0499702,4.7038563,5,3,99.0,23,2,2,0.0,6,6500000,"['Ascensor', 'Baño Auxiliar', 'Calentador', 'Chimenea', 'Circuito cerrado de TV', 'Citófono', 'Cocina Integral', 'Colegios / Universidades', 'Depósito / Bodega', 'Garaje(s)', 'Instalación de gas', 'Parqueadero Visitantes', 'Parques cercanos', 'Portería / Recepción', 'Salón Comunal', 'Supermercados / C.Comerciales', 'Trans. Público cercano', 'Vigilancia', 'Zona de lavandería', 'Zona Residencial']"
-74.0498679,4.7784934,4,1,46.0,0,2,0,0.0,3,1350000,"['Ascensor', 'Barra estilo americano', 'Calentador', 'Circuito cerrado de TV', 'Cocina Integral', 'Cocina tipo Americano', 'Colegios / Universidades', 'En conjunto cerrado', 'Garaje(s)', 'Hall de Alcobas', 'Instalación de gas', 'Jardín', 'Parqueadero Visitantes', 'Parques cercanos', 'Portería / Recepción', 'Salón Comunal', 'Supermercados / C.Comerciales', 'Trans. Público cercano', 'Vigilancia', 'Zona de lavandería', 'Zona Infantil', 'Zona Residencial', 'Zonas Verdes']"
-74.068193677434,4.6218514143731,4,1,33.0,0,1,0,200000.0,9,1700000,"['Acceso Pavimentado', 'Ascensor', 'Balcón', 'Barra estilo americano', 'Cerca de Zona Urbana', 'Cocina Integral', 'Cocina tipo Americano', 'Colegios / Universidades', 'Con casa club', 'Gimnasio', 'Oficina de negocios', 'Parqueadero Visitantes', 'Parques cercanos', 'Portería / Recepción', 'Salón Comunal', 'Sobre vía principal', 'Supermercados / C.Comerciales', 'Terraza', 'Trans. Público cercano', 'Vigilancia', 'Zona Comercial', 'Zona de lavandería', 'Zona Residencial']"
-74.0545146,4.6961165,6,2,73.0,23,2,2,900000.0,0,3000000,"['Bombas de gasolina', 'Cableado de Red', 'Calentador', 'Cerca a sector comercial', 'Cerca centro comercial', 'Cerca de Zona Urbana', 'Citófono', 'Closet', 'Cocina Integral', 'Cocina tipo Americano', 'Colegios / Universidades', 'Comedor', 'Cómodas vias de acceso', 'Garaje Cubierto', 'Instalación de gas', 'Parques cercanos', 'Portería / Recepción', 'Puerta de seguridad', 'Restaurantes', 'Servicios Públicos', 'Sobre vía principal', 'Sobre vía secundaria', 'Supermercados / C.Comerciales', 'Todos los Servicios', 'Trans. Público cercano', 'Ventilación Natural', 'Vigilancia 24x7', 'Vigilancia privada 24*7', 'Zona de lavandería', 'Zona Residencial', 'Árboles frutales']"
-74.0747102,4.5921609,2,1,42.0,4,1,0,0.0,0,2400000,"['Acceso Pavimentado', 'Aire Acondicionado', 'Alcantarillado', 'Amoblado', 'Ascensor', 'Balcón', 'Cocina Integral', 'Colegios / Universidades', 'Depósito / Bodega', 'Gimnasio', 'Parques cercanos', 'Sensor de movimiento', 'Servicios Públicos', 'Supermercados / C.Comerciales', 'Trans. Público cercano', 'Zona de BBQ', 'Zonas Verdes']"
-74.058085900758,4.673694015794,5,2,77.0,31,1,1,950000.0,0,2650000,"['Amoblado', 'Ascensor', 'Calentador', 'Cerca centro comercial', 'Citófono', 'Closet', 'Cocina Equipada', 'Cocina Integral', 'Duplex', 'Trans. Público cercano', 'Zona Residencial']"
-74.0560724,4.6733272,6,5,178.0,4,3,2,1200000.0,4,20000000,"['Amoblado', 'Ascensor', 'Balcón', 'Barra estilo americano', 'Baño Auxiliar', 'Calentador', 'Chimenea', 'Circuito cerrado de TV', 'Citófono', 'Cocina Integral', 'Colegios / Universidades', 'Cuarto de Escoltas', 'Cuarto de servicio', 'Depósito / Bodega', 'Garaje(s)', 'Gimnasio', 'Instalación de gas', 'Jardín', 'Oficina de negocios', 'Parqueadero Visitantes', 'Parques cercanos', 'Planta Eléctrica', 'Portería / Recepción', 'Salón Comunal', 'Salón de Juegos', 'Sauna / Turco / Jacuzzi', 'Supermercados / C.Comerciales', 'Terraza', 'Trans. Público cercano', 'Vista panorámica', 'Zona de lavandería', 'Zona Infantil', 'Zona Residencial']"
-74.0684992,4.6085572,3,1,35.0,4,1,1,0.0,9,2500000,"['Ascensor', 'Circuito cerrado de TV', 'Cocina Integral', 'Cocina tipo Americano', 'Colegios / Universidades', 'En conjunto cerrado', 'Garaje(s)', 'Instalación de gas', 'Loft', 'Oficina de negocios', 'Parqueadero Visitantes', 'Parques cercanos', 'Planta Eléctrica', 'Portería / Recepción', 'Salón Comunal', 'Sobre vía principal', 'Supermercados / C.Comerciales', 'Terraza', 'Trans. Público cercano', 'Vigilancia', 'Vista panorámica', 'Zona Comercial', 'Zona de lavandería', 'Zona Residencial']"
-74.1029244,4.701265,3,2,75.0,23,3,1,0.0,0,2000000,"['Balcón', 'Calentador', 'Circuito cerrado de TV', 'Citófono', 'Cocina Integral', 'Colegios / Universidades', 'En conjunto cerrado', 'Garaje(s)', 'Hall de Alcobas', 'Instalación de gas', 'Parques cercanos', 'Piso en Baldosa /  Mármol', 'Portería / Recepción', 'Salón Comunal', 'Supermercados / C.Comerciales', 'Trans. Público cercano', 'Vigilancia', 'Zona de lavandería', 'Zona Infantil', 'Zona Residencial', 'Zonas Verdes']"
-74.0297433,4.6998065,5,1,20.0,4,1,0,370000.0,4,1600000,"['Acceso Pavimentado', 'Alcantarillado', 'Amoblado', 'Colegios / Universidades', 'Parques cercanos', 'Sensor de movimiento', 'Servicios Públicos', 'Supermercados / C.Comerciales', 'Trans. Público cercano', 'Zonas Verdes']"
-74.0844881,4.7457366,3,1,37.0,4,2,0,180000.0,0,1420000,"['Acceso Pavimentado', 'Alcantarillado', 'Ascensor', 'Cocina Integral', 'Colegios / Universidades', 'Gimnasio', 'Parques cercanos', 'Sensor de movimiento', 'Servicios Públicos', 'Supermercados / C.Comerciales', 'Trans. Público cercano', 'Zona de BBQ', 'Zonas Verdes']"
-74.0452212,4.6782734,6,1,70.0,12,1,2,703882.0,2,4700000,"['Ascensor', 'Baño Auxiliar', 'Caldera', 'Citófono', 'Depósito / Bodega', 'Parqueadero Visitantes', 'Parques cercanos', 'Planta Eléctrica', 'Portería / Recepción', 'Supermercados / C.Comerciales', 'Trans. Público cercano', 'Zona de lavandería']"
-74.073578902191,4.7315012037917,5,3,114.0,23,3,2,0.0,4,4000000,"['Ascensor', 'Balcón', 'Baño Auxiliar', 'Calentador', 'Canchas Deportivas', 'Citófono', 'Colegios / Universidades', 'Depósito / Bodega', 'En conjunto cerrado', 'Estudio', 'Garaje(s)', 'Gimnasio', 'Hall de Alcobas', 'Instalación de gas', 'Parqueadero Visitantes', 'Parques cercanos', 'Portería / Recepción', 'Salón Comunal', 'Salón de Juegos', 'Supermercados / C.Comerciales', 'Terraza', 'Trans. Público cercano', 'Vigilancia', 'Zona de lavandería', 'Zona Infantil', 'Zona Residencial', 'Zonas Verdes']"
-74.1151322,4.7576919,3,2,50.0,4,3,0,0.0,16,1350000,"['Ascensor', 'Calentador', 'Circuito cerrado de TV', 'Cocina Integral', 'Cocina tipo Americano', 'Colegios / Universidades', 'En conjunto cerrado', 'Gimnasio', 'Instalación de gas', 'Parqueadero Visitantes', 'Parques cercanos', 'Piscina', 'Piso en Baldosa /  Mármol', 'Portería / Recepción', 'Salón Comunal', 'Supermercados / C.Comerciales', 'Trans. Público cercano', 'Vigilancia', 'Vivienda Multifamiliar', 'Zona de lavandería', 'Zona Industrial', 'Zona Infantil', 'Zona Residencial']"
-74.0438282,4.6706042,6,1,52.0,31,1,1,450000.0,0,2650000,"['Acceso Pavimentado', 'Alcantarillado', 'Amoblado', 'Ascensor', 'Cochera', 'Cocina Integral', 'Colegios / Universidades', 'Parques cercanos', 'Sensor de movimiento', 'Servicios Públicos', 'Supermercados / C.Comerciales', 'Trans. Público cercano', 'Zonas Verdes']"
-74.1159384,4.6473715,4,1,42.0,0,2,0,0.0,16,1600000,"['Ascensor', 'Barra estilo americano', 'Baño Auxiliar', 'Calentador', 'Canchas Deportivas', 'Circuito cerrado de TV', 'Citófono', 'Cocina Integral', 'Cocina tipo Americano', 'Colegios / Universidades', 'En conjunto cerrado', 'Gimnasio', 'Instalación de gas', 'Oficina de negocios', 'Parqueadero Visitantes', 'Parques cercanos', 'Piscina', 'Piso en Baldosa /  Mármol', 'Planta Eléctrica', 'Portería / Recepción', 'Salón Comunal', 'Supermercados / C.Comerciales', 'Trans. Público cercano', 'Vigilancia', 'Vista panorámica', 'Zona de lavandería', 'Zona Infantil', 'Zona Residencial', 'Zonas Verdes']"
-74.0571842,4.7043284,5,2,144.0,12,3,2,0.0,5,3900000,"['Ascensor', 'Balcón', 'Barra estilo americano', 'Calentador', 'Circuito cerrado de TV', 'Cocina Integral', 'Cocina tipo Americano', 'Colegios / Universidades', 'Garaje(s)', 'Hall de Alcobas', 'Instalación de gas', 'Parqueadero Visitantes', 'Parques cercanos', 'Planta Eléctrica', 'Portería / Recepción', 'Supermercados / C.Comerciales', 'Terraza', 'Trans. Público cercano', 'Vigilancia', 'Zona de lavandería', 'Zona Infantil', 'Zona Residencial', 'Zonas Verdes']"
-74.0504009,4.6813142,6,2,48.0,0,1,1,500000.0,5,3800000,"['Amoblado', 'Ascensor', 'Balcón', 'Barra estilo americano', 'Baño Auxiliar', 'Circuito cerrado de TV', 'Citófono', 'Cocina Integral', 'Cocina tipo Americano', 'Depósito / Bodega', 'Garaje(s)', 'Gimnasio', 'Loft', 'Oficina de negocios', 'Parqueadero Visitantes', 'Parques cercanos', 'Planta Eléctrica', 'Portería / Recepción', 'Sala de internet', 'Salón Comunal', 'Supermercados / C.Comerciales', 'Terraza', 'Vigilancia', 'Zona Comercial', 'Zona de lavandería', 'Zona Residencial']"
-74.0510456,4.6573362,6,5,345.0,23,4,3,3051000.0,5,14000000,"['Ascensor', 'Calentador', 'Chimenea', 'Circuito cerrado de TV', 'Citófono', 'Cocina Integral', 'Comedor auxiliar', 'Cuarto de servicio', 'Estudio', 'Hall de Alcobas', 'Instalación de gas', 'Portería / Recepción', 'Supermercados / C.Comerciales', 'Trans. Público cercano', 'Vigilancia', 'Zona de lavandería', 'Zona Residencial']"
-74.060516446426,4.6273662957811,5,3,82.0,23,2,2,829000.0,8,3600000,"['Ascensor', 'Balcón', 'Closet', 'Cocina tipo Americano', 'Gimnasio', 'Instalación de gas', 'Salón Comunal', 'Trans. Público cercano', 'Vista panorámica', 'Zona Residencial', 'Área Urbana']"
-74.1123322,4.6546515,4,4,135.0,23,4,2,0.0,9,4500000,"['Ascensor', 'Balcón', 'Baño Auxiliar', 'Calentador', 'Circuito cerrado de TV', 'Cocina Integral', 'Cuarto de servicio', 'En conjunto cerrado', 'Garaje(s)', 'Gimnasio', 'Hall de Alcobas', 'Jardín', 'Parqueadero Visitantes', 'Planta Eléctrica', 'Portería / Recepción', 'Salón Comunal', 'Salón de Juegos', 'Sauna / Turco / Jacuzzi', 'Terraza', 'Vigilancia', 'Vista panorámica', 'Vivienda Bifamiliar', 'Vivienda Multifamiliar', 'Zona Infantil', 'Zonas Verdes']"
-74.0647797,4.6304311,4,1,36.0,23,1,1,0.0,0,2000000,"['Calentador', 'Colegios / Universidades', 'Instalación de gas', 'Loft', 'Piso en Baldosa /  Mármol', 'Salón de Juegos', 'Vigilancia']"
-74.0593581,4.7383981,4,2,100.0,12,3,2,0.0,1,3700000,"['Ascensor', 'Balcón', 'Baño Auxiliar', 'Calentador', 'Canchas Deportivas', 'Chimenea', 'Circuito cerrado de TV', 'Cocina Integral', 'Colegios / Universidades', 'Depósito / Bodega', 'En conjunto cerrado', 'Estudio', 'Garaje(s)', 'Gimnasio', 'Hall de Alcobas', 'Instalación de gas', 'Jardín', 'Parqueadero Visitantes', 'Parques cercanos', 'Planta Eléctrica', 'Portería / Recepción', 'Supermercados / C.Comerciales', 'Trans. Público cercano', 'Vigilancia', 'Vista panorámica', 'Zona de lavandería', 'Zona Infantil', 'Zona Residencial', 'Zonas Verdes']"
-74.0787931,4.651186,4,3,110.0,31,3,1,0.0,4,3000000,"['Ascensor', 'Baño Auxiliar', 'Circuito cerrado de TV', 'Citófono', 'Cocina Integral', 'Colegios / Universidades', 'Cuarto de servicio', 'Garaje(s)', 'Hall de Alcobas', 'Instalación de gas', 'Parqueadero Visitantes', 'Parques cercanos', 'Patio', 'Portería / Recepción', 'Supermercados / C.Comerciales', 'Trans. Público cercano', 'Vista panorámica', 'Vivienda Multifamiliar', 'Zona de lavandería', 'Zona Residencial', 'Zonas Verdes']"
-74.0787931,4.651186,4,3,110.0,31,3,1,0.0,4,3000000,"['Ascensor', 'Baño Auxiliar', 'Circuito cerrado de TV', 'Citófono', 'Cocina Integral', 'Colegios / Universidades', 'Cuarto de servicio', 'Garaje(s)', 'Hall de Alcobas', 'Instalación de gas', 'Parqueadero Visitantes', 'Parques cercanos', 'Patio', 'Portería / Recepción', 'Supermercados / C.Comerciales', 'Trans. Público cercano', 'Vista panorámica', 'Vivienda Multifamiliar', 'Zona de lavandería', 'Zona Residencial', 'Zonas Verdes']"
-74.1122478,4.6635352,5,2,85.0,0,3,2,0.0,0,5000000,"['Alcantarillado', 'Asador', 'Ascensor', 'Balcón', 'Baño Auxiliar', 'Bombas de gasolina', 'Caldera', 'Cerca a sector comercial', 'Cerca centro comercial', 'Cerca de Zona Urbana', 'Closet', 'Cocina Integral', 'Cocina tipo Americano', 'Colegios / Universidades', 'Comedor', 'Cómodas vias de acceso', 'Depósito / Bodega', 'En conjunto cerrado', 'En zona residencial', 'Estudio', 'Garaje / Parqueadero(s)', 'Gimnasio', 'Instalación de gas', 'Parqueadero Visitantes', 'Parques cercanos', 'Piso en Madera', 'Portería / Recepción', 'Portería / Vigilancia', 'Salón Comunal', 'Seguridad', 'Servicios Públicos', 'Sobre vía secundaria', 'Supermercados / C.Comerciales', 'Todos los Servicios', 'Trans. Público cercano', 'Ventilación Natural', 'Vigilancia 24x7', 'Vigilancia privada 24*7', 'Vista panorámica', 'Zona de BBQ', 'Zona de lavandería', 'Zona Infantil', 'Zona Residencial', 'Área Urbana']"
-74.043943,4.7222936,5,3,129.0,12,2,2,0.0,2,4200000,"['Ascensor', 'Balcón', 'Baño Auxiliar', 'Calentador', 'Chimenea', 'Circuito cerrado de TV', 'Citófono', 'Cocina Integral', 'Colegios / Universidades', 'Duplex', 'En conjunto cerrado', 'Garaje(s)', 'Hall de Alcobas', 'Instalación de gas', 'Parqueadero Visitantes', 'Parques cercanos', 'Patio', 'Planta Eléctrica', 'Portería / Recepción', 'Salón Comunal', 'Supermercados / C.Comerciales', 'Trans. Público cercano', 'Vigilancia', 'Zona de lavandería', 'Zona Residencial']"
-74.0457215,4.6715543,6,5,167.0,23,3,2,0.0,3,11900000,"['Ascensor', 'Baño Auxiliar', 'Caldera', 'Calentador', 'Cancha de Squash', 'Chimenea', 'Circuito cerrado de TV', 'Citófono', 'Cocina Integral', 'Colegios / Universidades', 'Cuarto de servicio', 'Depósito / Bodega', 'Estudio', 'Gimnasio', 'Instalación de gas', 'Parqueadero Visitantes', 'Parques cercanos', 'Portería / Recepción', 'Salón Comunal', 'Supermercados / C.Comerciales', 'Trans. Público cercano', 'Zona de lavandería', 'Zona Infantil', 'Zona Residencial']"
-74.0340975,4.7690727,4,2,88.0,12,3,1,323100.0,0,2176900,"['Alcantarillado', 'Ascensor', 'Balcón', 'Bombas de gasolina', 'Calentador', 'Cerca a sector comercial', 'Cerca centro comercial', 'Citófono', 'Closet', 'Cocina Integral', 'Cocina tipo Americano', 'Colegios / Universidades', 'Comedor', 'Control de acceso digital', 'Cómodas vias de acceso', 'En conjunto cerrado', 'En Edificio', 'En zona residencial', 'Escalera de Emergencia', 'Garaje / Parqueadero(s)', 'Gimnasio', 'Instalación de gas', 'Parqueadero Visitantes', 'Parques cercanos', 'Planta Eléctrica', 'Portería / Recepción', 'Portería / Vigilancia', 'Restaurantes', 'Salón Comunal', 'Seguridad', 'Servicios Públicos', 'Shut de basura', 'Sobre vía secundaria', 'Supermercados / C.Comerciales', 'Tarjetas inteligentes', 'Trans. Público cercano', 'Ubicada en edificio', 'Ventilación Natural', 'Vigilancia 24x7', 'Vigilancia privada 24*7', 'Zona de lavandería', 'Zona Infantil', 'Zona Residencial', 'Zonas Verdes', 'Área Urbana']"
-74.0487326,4.6562001,6,3,104.85,0,2,2,0.0,1,6340000,"['Ascensor', 'Calentador', 'Circuito cerrado de TV', 'Citófono', 'Cocina Integral', 'Colegios / Universidades', 'Parques cercanos', 'Portería / Recepción', 'Salón Comunal', 'Supermercados / C.Comerciales', 'Terraza', 'Trans. Público cercano', 'Vigilancia', 'Zona Residencial']"
-74.0772592,4.6009633,5,2,90.0,4,3,2,0.0,0,4500000,"['Ascensor', 'Balcón', 'Calentador', 'Citófono', 'Cocina Integral', 'Colegios / Universidades', 'En conjunto cerrado', 'Estudio', 'Parques cercanos', 'Sobre vía principal', 'Supermercados / C.Comerciales', 'Trans. Público cercano', 'Zona de lavandería', 'Zona Residencial']"
-74.0699734,4.6135106,4,2,97.0,31,2,0,624200.0,12,2800000,"['Cerca centro comercial', 'Citófono', 'Closet', 'Cocina Integral', 'Instalación de gas', 'Sobre vía principal', 'Trans. Público cercano', 'Vista panorámica', 'Zona Comercial', 'Zona Residencial', 'Área Urbana']"
-74.0507979,4.6497494,6,4,248.0,12,3,3,2330000.0,6,11750000,"['Ascensor', 'Balcón', 'Baño Auxiliar', 'Caldera', 'Calentador', 'Chimenea', 'Circuito cerrado de TV', 'Citófono', 'Cocina tipo Americano', 'Colegios / Universidades', 'Cuarto de Escoltas', 'Depósito / Bodega', 'Duplex', 'Garaje(s)', 'Hall de Alcobas', 'Instalación de gas', 'Parqueadero Visitantes', 'Parques cercanos', 'PentHouse', 'Planta Eléctrica', 'Portería / Recepción', 'Salón Comunal', 'Sobre vía principal', 'Supermercados / C.Comerciales', 'Terraza', 'Trans. Público cercano', 'Vigilancia', 'Vista panorámica', 'Zona Comercial', 'Zona de lavandería', 'Zona Residencial']"
-74.0705108,4.6048102,3,3,98.0,4,2,1,380000.0,32,3120000,"['Ascensor', 'Balcón', 'Barra estilo americano', 'Baño Auxiliar', 'Calentador', 'Circuito cerrado de TV', 'Citófono', 'Cocina tipo Americano', 'Colegios / Universidades', 'En conjunto cerrado', 'Estudio', 'Gimnasio', 'Hall de Alcobas', 'Oficina de negocios', 'Parqueadero Visitantes', 'Parques cercanos', 'Planta Eléctrica', 'Portería / Recepción', 'Sobre vía principal', 'Supermercados / C.Comerciales', 'Trans. Público cercano', 'Vigilancia', 'Zona Comercial', 'Zona Residencial']"
-74.027333,4.749426,3,1,35.0,4,1,0,176600.0,18,1400000,"['Ascensor', 'Calentador', 'Cerca centro comercial', 'Citófono', 'Closet', 'Cocina Integral', 'Gimnasio', 'Salón Comunal', 'Trans. Público cercano', 'Vista panorámica', 'Zona de BBQ', 'Zona Residencial', 'Área Urbana']"
-74.0836547,4.6534109,6,4,204.0,4,5,4,2043000.0,6,8000000,"['Acceso Pavimentado', 'Ascensor', 'Balcón', 'Barra estilo americano', 'Baño Auxiliar', 'Baño Independiente', 'Calentador', 'Cerca de Zona Urbana', 'Chimenea', 'Circuito cerrado de TV', 'Citófono', 'Closet', 'Cocina Equipada', 'Cocina Integral', 'Cocina tipo Americano', 'Colegios / Universidades', 'Depósito / Bodega', 'En conjunto cerrado', 'Estudio', 'Garaje(s)', 'Hall de Alcobas', 'Instalación de gas', 'Portería / Recepción', 'Supermercados / C.Comerciales', 'Trans. Público cercano', 'Vigilancia', 'Vista panorámica', 'Zona de lavandería', 'Zona Residencial', 'Zonas Verdes']"
-74.1169993,4.6485788,4,1,42.0,0,2,0,173000.0,0,1217000,"['Alcantarillado', 'Ascensor', 'Baño Auxiliar', 'Cerca centro comercial', 'Closet', 'Cocina Integral', 'Colegios / Universidades', 'Comedor', 'Cómodas vias de acceso', 'En conjunto cerrado', 'Instalación de gas', 'Parques cercanos', 'Piso en Baldosa /  Mármol', 'Portería / Recepción', 'Servicios independientes', 'Servicios Públicos', 'Shut de basura', 'Trans. Público cercano', 'Ventilación Natural', 'Zona de lavandería', 'Zona Residencial']"
-74.0549296,4.6432541,5,3,176.0,12,3,2,0.0,5,9200000,"['Ascensor', 'Balcón', 'Baño Auxiliar', 'Caldera', 'Cancha de Squash', 'Cancha de Tennis', 'Canchas Deportivas', 'Circuito cerrado de TV', 'Citófono', 'Cocina Integral', 'Colegios / Universidades', 'Cuarto de Escoltas', 'Cuarto de servicio', 'En conjunto cerrado', 'Garaje(s)', 'Gimnasio', 'Instalación de gas', 'Jardín', 'Jaula de Golf', 'Oficina de negocios', 'Parqueadero Visitantes', 'Parques cercanos', 'Piscina', 'Planta Eléctrica', 'Portería / Recepción', 'Sala de internet', 'Salón Comunal', 'Salón de Juegos', 'Sauna / Turco / Jacuzzi', 'Sauna / Turco / Jacuzzi', 'Supermercados / C.Comerciales', 'Terraza', 'Trans. Público cercano', 'Vigilancia', 'Vista panorámica', 'Zona de lavandería', 'Zona Infantil', 'Zonas Verdes']"
-74.0740832,4.6081397,5,3,100.0,23,2,2,0.0,0,4000000,"['Acceso Pavimentado', 'Alcantarillado', 'Cochera', 'Colegios / Universidades', 'Parques cercanos', 'Sensor de movimiento', 'Servicios Públicos', 'Supermercados / C.Comerciales', 'Trans. Público cercano', 'Zonas Verdes']"
-74.0428643,4.6930751,4,2,65.0,4,2,2,0.0,3,4200000,"['Ascensor', 'Barra estilo americano', 'Baño Auxiliar', 'Circuito cerrado de TV', 'Cocina Integral', 'Cocina tipo Americano', 'Colegios / Universidades', 'Gimnasio', 'Hall de Alcobas', 'Parqueadero Visitantes', 'Parques cercanos', 'Piscina', 'Planta Eléctrica', 'Portería / Recepción', 'Salón Comunal', 'Supermercados / C.Comerciales', 'Terraza', 'Trans. Público cercano', 'Vigilancia', 'Vista panorámica', 'Zona de lavandería', 'Zona Infantil', 'Zona Residencial', 'Zonas Verdes']"
-74.1756085,4.6293009,3,1,52.0,4,2,0,0.0,4,950000,"['Circuito cerrado de TV', 'Citófono', 'Cocina Integral', 'Colegios / Universidades', 'Comedor auxiliar', 'En conjunto cerrado', 'Estudio', 'Garaje(s)', 'Hall de Alcobas', 'Instalación de gas', 'Parqueadero Visitantes', 'Parques cercanos', 'Patio', 'Piso en Baldosa /  Mármol', 'Portería / Recepción', 'Salón Comunal', 'Supermercados / C.Comerciales', 'Trans. Público cercano', 'Vigilancia', 'Vista panorámica', 'Vivienda Multifamiliar', 'Zona Comercial', 'Zona de lavandería', 'Zona Infantil', 'Zona Residencial', 'Zonas Verdes']"
-74.07566,4.7312846,6,4,297.0,23,2,2,0.0,2,7500000,"['Calentador', 'Canchas Deportivas', 'Circuito cerrado de TV', 'Citófono', 'Cocina Integral', 'Cocina tipo Americano', 'Cuarto de servicio', 'Duplex', 'En conjunto cerrado', 'Estudio', 'Gimnasio', 'Jardín', 'Parqueadero Visitantes', 'Portería / Recepción', 'Salón Comunal', 'Sobre vía principal', 'Trans. Público cercano', 'Vigilancia', 'Vista panorámica', 'Zona Campestre', 'Zona Infantil', 'Zona Residencial', 'Zonas Verdes']"
-74.042027,4.7280978,4,4,115.0,12,4,2,0.0,6,4800000,"['Ascensor', 'Balcón', 'Baño Auxiliar', 'Calentador', 'Chimenea', 'Circuito cerrado de TV', 'Citófono', 'Cocina Integral', 'Colegios / Universidades', 'Cuarto de servicio', 'Depósito / Bodega', 'Duplex', 'En conjunto cerrado', 'Estudio', 'Garaje(s)', 'Gimnasio', 'Hall de Alcobas', 'Instalación de gas', 'Parqueadero Visitantes', 'Patio', 'Planta Eléctrica', 'Supermercados / C.Comerciales', 'Vigilancia', 'Zona de lavandería', 'Zona Residencial']"
-74.025181531906,4.7518592646207,4,2,56.0,0,2,1,0.0,0,2300000,"['Ascensor', 'Balcón', 'Baño Auxiliar', 'Baño compartido', 'Calentador', 'Canchas Deportivas', 'Circuito cerrado de TV', 'Closet', 'Cocina Integral', 'Comedor', 'Cómodas vias de acceso', 'Depósito / Bodega', 'En zona residencial', 'Estudio', 'Garaje / Parqueadero(s)', 'Garaje Cubierto', 'Gimnasio', 'Instalación de gas', 'Parqueadero Visitantes', 'Parques cercanos', 'Piscina', 'Piso en Baldosa /  Mármol', 'Salón Comunal', 'Seguridad', 'Servicios independientes', 'Servicios Públicos', 'Supermercados / C.Comerciales', 'Todos los Servicios', 'Trans. Público cercano', 'Ventilación Natural', 'Vigilancia 24x7', 'Vigilancia privada 24*7', 'Zona de BBQ', 'Zona de lavandería', 'Zona Infantil', 'Zona Residencial', 'Zonas Verdes']"
-74.027356,4.7020473,5,4,130.0,23,2,2,0.0,12,7300000,"['Ascensor', 'Balcón', 'Baño Auxiliar', 'Calentador', 'Cancha de Squash', 'Canchas Deportivas', 'Chimenea', 'Circuito cerrado de TV', 'Citófono', 'Cocina Integral', 'Cocina tipo Americano', 'Colegios / Universidades', 'Cuarto de servicio', 'Depósito / Bodega', 'En conjunto cerrado', 'Estudio', 'Garaje(s)', 'Gimnasio', 'Hall de Alcobas', 'Instalación de gas', 'Jardín', 'Parqueadero Visitantes', 'Parques cercanos', 'Portería / Recepción', 'Salón de Juegos', 'Supermercados / C.Comerciales', 'Terraza', 'Trans. Público cercano', 'Vista panorámica', 'Zona de lavandería', 'Zona Infantil', 'Zona Residencial', 'Zonas Verdes']"
